index,filename,uuid,timestamp,env,git_commit
1,firmware001.bin,5653b34d-cafb-4992-b5c0-3d192f66730b,2026-01-05T14:46:34,STM32G0B1RE_btt,22abba0
2,firmware002.bin,a019cb1f-51c3-49e3-babb-ebdcd8a60838,2026-01-05T14:48:13,STM32G0B1RE_btt,22abba0
3,firmware003.bin,ab1549c1-eff1-40d7-a006-76fafabf9630,2026-01-05T14:50:24,STM32G0B1RE_btt,22abba0
4,firmware004.bin,3bb52d52-7928-4ce7-9c94-5d98e6427425,2026-01-05T14:52:56,STM32G0B1RE_btt,22abba0
5,firmware005.bin,50464d5a-8cec-45ec-bc1e-d659ebbbfc0d,2026-01-05T14:55:15,STM32G0B1RE_btt,22abba0
6,firmware006.bin,a96bd9e3-2003-412d-bf41-6295c7373bce,2026-01-05T14:57:26,STM32G0B1RE_btt,22abba0
7,firmware007.bin,04783456-1e97-4b2c-8a8e-c508ceacde43,2026-01-05T14:59:45,STM32G0B1RE_btt,22abba0
8,firmware008.bin,8f66ccac-e42e-47c5-8dcd-20994a0a4c20,2026-01-05T15:01:57,STM32G0B1RE_btt,22abba0
9,firmware009.bin,708952ec-3e05-41d2-9a04-2d48964091f4,2026-01-05T15:03:59,STM32G0B1RE_btt,22abba0
10,firmware010.bin,1241f539-6606-40d1-a206-99f941bd15aa,2026-01-05T15:05:58,STM32G0B1RE_btt,22abba0
11,firmware011.bin,eff7ce84-29b5-4915-8a02-b61794e8bc5c,2026-01-05T15:07:56,STM32G0B1RE_btt,22abba0
12,firmware012.bin,19c837b0-fc2c-4c95-ba88-855085563b41,2026-01-05T15:09:55,STM32G0B1RE_btt,22abba0
13,firmware013.bin,c39fc1b3-07d9-442a-a4dc-a04411be5e65,2026-01-05T15:11:51,STM32G0B1RE_btt,22abba0
14,firmware014.bin,5228b3e7-1734-475b-a990-f4d48972fb09,2026-01-05T15:13:47,STM32G0B1RE_btt,22abba0
15,firmware015.bin,b32599e7-9d5b-41f9-bafc-2b740990a68c,2026-01-05T15:15:39,STM32G0B1RE_btt,22abba0
16,firmware016.bin,8db743a7-9d4c-46ca-8465-4e52216fdaa0,2026-01-05T15:17:34,STM32G0B1RE_btt,22abba0
17,firmware017.bin,695faa0f-e2e2-4294-8cc5-4019ba5dc53a,2026-01-05T15:19:29,STM32G0B1RE_btt,22abba0
19,firmware019.bin,0e88c559-b5cc-4fbf-9025-2f9b6ef5d9a1,2026-01-05T15:51:05,STM32G0B1RE_btt,22abba0
20,firmware020.bin,69f7356c-e888-4ef5-91b7-0004a97e2419,2026-01-05T15:53:10,STM32G0B1RE_btt,22abba0
21,firmware021.bin,fa28827d-b02b-44f3-bcfc-13560d3a3f30,2026-01-05T15:55:13,STM32G0B1RE_btt,22abba0
22,firmware022.bin,a5b6c25b-5917-4f1b-88bf-b497beb148c6,2026-01-05T15:57:11,STM32G0B1RE_btt,22abba0
23,firmware023.bin,3ed49aff-b4f8-4d3f-be7c-3309d3f02f3e,2026-01-05T15:59:09,STM32G0B1RE_btt,22abba0
24,firmware024.bin,e582e006-aa54-405c-a7d2-43b4d1769156,2026-01-05T16:01:14,STM32G0B1RE_btt,22abba0
25,firmware025.bin,1626ea4f-0a87-4199-bd29-3f4ed64600ab,2026-01-05T16:03:10,STM32G0B1RE_btt,22abba0
26,firmware026.bin,a959ed7c-3e69-4172-ad89-7dec740abdad,2026-01-05T16:05:08,STM32G0B1RE_btt,22abba0
27,firmware027.bin,6b334873-2e3a-4ffa-bdc4-9ab6c57fd109,2026-01-05T16:07:05,STM32G0B1RE_btt,22abba0
28,firmware028.bin,876d953b-93e8-4a0e-a005-a78b89da9581,2026-01-05T16:09:01,STM32G0B1RE_btt,22abba0
29,firmware029.bin,e55d7b6c-c9b3-492a-a368-8e6c0d53ec49,2026-01-05T16:11:02,STM32G0B1RE_btt,22abba0
30,firmware030.bin,c191ebfe-bf43-4e06-ad7a-f901f815cbd3,2026-01-05T16:13:07,STM32G0B1RE_btt,22abba0
31,firmware031.bin,3709829d-e1cd-4647-8124-fb90d200c236,2026-01-05T16:15:13,STM32G0B1RE_btt,22abba0
32,firmware032.bin,f2887db8-5744-4e17-821b-63f4be48e8f4,2026-01-05T16:17:15,STM32G0B1RE_btt,22abba0
33,firmware033.bin,c4d6e95d-078d-458c-b704-1faa2ea9690e,2026-01-05T16:19:17,STM32G0B1RE_btt,22abba0
34,firmware034.bin,6ecb803d-3764-4a4c-9fa9-66292986a31a,2026-01-05T16:21:14,STM32G0B1RE_btt,22abba0
35,firmware035.bin,04c87784-0cb6-4377-9384-0c03455f40af,2026-01-05T16:23:15,STM32G0B1RE_btt,22abba0
36,firmware036.bin,aed4f1cb-4742-4e3a-856a-8b6418c609e6,2026-01-05T16:25:17,STM32G0B1RE_btt,22abba0
37,firmware037.bin,54ef5ca2-77c4-4c1d-9705-a8e939f2005e,2026-01-05T16:27:33,STM32G0B1RE_btt,22abba0
38,firmware038.bin,0e334865-43b5-4104-8145-60bb9406089d,2026-01-05T16:29:48,STM32G0B1RE_btt,22abba0
39,firmware039.bin,bb9b5788-1747-43e9-bfba-bbe7b49e1b50,2026-01-05T16:32:04,STM32G0B1RE_btt,22abba0
40,firmware040.bin,17195553-b718-44bb-a3a8-bbc25824b90c,2026-01-05T16:34:22,STM32G0B1RE_btt,22abba0
41,firmware041.bin,7eae5bf8-dcec-4dd7-b2c9-e2991b9394c4,2026-01-05T16:36:45,STM32G0B1RE_btt,22abba0
42,firmware042.bin,dc0dd61a-7097-4210-a224-c76fcd2edf38,2026-01-05T16:38:55,STM32G0B1RE_btt,22abba0
43,firmware043.bin,2f291e75-9063-4781-9b24-03c1ed6b97d5,2026-01-05T16:41:04,STM32G0B1RE_btt,22abba0
44,firmware044.bin,a5366990-db91-406e-bb47-25d414ff2f3d,2026-01-05T16:43:12,STM32G0B1RE_btt,22abba0
45,firmware045.bin,3e7936ec-1c95-4890-94c4-20dfbf3e1268,2026-01-05T16:45:17,STM32G0B1RE_btt,22abba0
46,firmware046.bin,7bf2ef6f-fbbc-4902-bd8d-2c5a43e0a89a,2026-01-05T16:47:21,STM32G0B1RE_btt,22abba0
47,firmware047.bin,0fbe6ff1-2459-4893-bcc2-2c1cff903f31,2026-01-05T16:49:24,STM32G0B1RE_btt,22abba0
48,firmware048.bin,305d8265-637f-4263-872c-d4da0d3d2f79,2026-01-05T16:51:25,STM32G0B1RE_btt,22abba0
49,firmware049.bin,32fe5aa9-afe2-440d-9463-58ec17440820,2026-01-05T16:53:24,STM32G0B1RE_btt,22abba0
50,firmware050.bin,3a235d63-ea8b-47b3-873e-81af9bfa3b46,2026-01-05T16:55:24,STM32G0B1RE_btt,22abba0
51,firmware051.bin,df2cb49d-5a97-4260-b328-152856f222a1,2026-01-05T16:57:42,STM32G0B1RE_btt,22abba0
52,firmware052.bin,5c8605f6-723c-4b71-af57-1c87a24fe79b,2026-01-05T17:00:18,STM32G0B1RE_btt,22abba0
53,firmware053.bin,a3a7b023-d391-42e3-b2de-816350b5469e,2026-01-05T17:03:14,STM32G0B1RE_btt,22abba0
54,firmware054.bin,5c003a47-33bf-4b99-a620-50ae105f3caf,2026-01-05T17:05:24,STM32G0B1RE_btt,22abba0
55,firmware055.bin,95d87262-f088-4280-b49f-ecd6ef3f04c5,2026-01-05T17:07:31,STM32G0B1RE_btt,22abba0
56,firmware056.bin,cffe3b32-2f44-474a-aa21-a89570573281,2026-01-05T17:09:36,STM32G0B1RE_btt,22abba0
57,firmware057.bin,cfa4944c-065b-418b-b2c1-9dca613f698f,2026-01-05T17:11:41,STM32G0B1RE_btt,22abba0
58,firmware058.bin,6f9a4e6d-78e3-4b39-8267-835f3a6183b0,2026-01-05T17:13:43,STM32G0B1RE_btt,22abba0
59,firmware059.bin,9a65021e-4328-4754-84ee-6dcb5f9898a7,2026-01-05T17:15:47,STM32G0B1RE_btt,22abba0
60,firmware060.bin,751c4481-2ba6-4833-9191-1041699f1a38,2026-01-05T17:17:52,STM32G0B1RE_btt,22abba0
61,firmware061.bin,8349112b-88b2-4f0a-912e-7fe5d2bda9bc,2026-01-05T17:19:57,STM32G0B1RE_btt,22abba0
62,firmware062.bin,758d70be-3a63-4f2c-9cb2-5e2c8c255e36,2026-01-05T17:22:03,STM32G0B1RE_btt,22abba0
63,firmware063.bin,ffa95d15-f114-44b7-beb4-04c6b2a6b7ee,2026-01-05T17:24:10,STM32G0B1RE_btt,22abba0
64,firmware064.bin,cc20d839-0ac1-416d-a4a8-0550ebd402f6,2026-01-05T17:26:13,STM32G0B1RE_btt,22abba0
65,firmware065.bin,fabe80df-500d-446a-b848-211edb73f422,2026-01-05T17:28:18,STM32G0B1RE_btt,22abba0
66,firmware066.bin,0e34b19f-d64f-40c8-8ed8-4caf630b43ad,2026-01-05T17:30:25,STM32G0B1RE_btt,22abba0
67,firmware067.bin,b04dbc0c-dc26-4090-bc8d-d041d070b64e,2026-01-05T17:32:29,STM32G0B1RE_btt,22abba0
68,firmware068.bin,5509ac7e-70cf-4822-9e35-3b70368aedc0,2026-01-05T17:34:35,STM32G0B1RE_btt,22abba0
69,firmware069.bin,02bf9bcd-3ec1-4432-95f5-a670289fada3,2026-01-05T17:36:33,STM32G0B1RE_btt,22abba0
70,firmware070.bin,a1b1cab7-f1ef-42e0-b9f6-e4a72f1f5c97,2026-01-05T17:38:32,STM32G0B1RE_btt,22abba0
71,firmware071.bin,9cb6d15b-cf1a-43bd-b0db-246ebeb4d752,2026-01-05T17:40:43,STM32G0B1RE_btt,22abba0
72,firmware072.bin,e00b1317-c96a-4e5f-a37a-c552b81cbff5,2026-01-05T17:42:55,STM32G0B1RE_btt,22abba0
73,firmware073.bin,c22e42fa-66d1-49b0-8c18-ea3094ad7c42,2026-01-05T17:45:03,STM32G0B1RE_btt,22abba0
74,firmware074.bin,77c923dc-be39-4b4d-8dac-6f7381af4fee,2026-01-05T17:46:59,STM32G0B1RE_btt,22abba0
75,firmware075.bin,47ac9c47-45c9-48e0-928c-dd21a5c9b826,2026-01-05T17:48:56,STM32G0B1RE_btt,22abba0
76,firmware076.bin,3c022a75-7900-4cc1-b0fb-789fe8ebe2ce,2026-01-05T17:50:55,STM32G0B1RE_btt,22abba0
77,firmware077.bin,54d444e0-9ca5-4bf6-b9b4-52fe120aa524,2026-01-05T17:52:52,STM32G0B1RE_btt,22abba0
78,firmware078.bin,58f4cb97-a655-4ac4-9025-ac25938bcf08,2026-01-05T17:54:53,STM32G0B1RE_btt,22abba0
79,firmware079.bin,8c9bfea4-30f2-45ae-845c-53257ca13c3b,2026-01-05T17:56:51,STM32G0B1RE_btt,22abba0
80,firmware080.bin,0f3d0eb1-55d3-48f9-91a5-fbaae6e50325,2026-01-05T17:58:48,STM32G0B1RE_btt,22abba0
81,firmware081.bin,65f11b4b-b76a-47c2-81fb-13a6a992e35f,2026-01-05T18:00:48,STM32G0B1RE_btt,22abba0
82,firmware082.bin,64ba02e9-c7f0-4a96-b9ea-d22167e3aac7,2026-01-05T18:02:52,STM32G0B1RE_btt,22abba0
83,firmware083.bin,8feb86c1-f689-48b4-a0cc-106dd15eaeba,2026-01-05T18:05:17,STM32G0B1RE_btt,22abba0
84,firmware084.bin,f8850832-6a7d-4328-9c11-3a6cd6f65865,2026-01-05T18:07:33,STM32G0B1RE_btt,22abba0
85,firmware085.bin,50a88195-157c-4de8-bdcd-1578656eda8c,2026-01-05T18:09:38,STM32G0B1RE_btt,22abba0
86,firmware086.bin,a0d5ec57-d7bb-44b9-8649-aa5cf97f632e,2026-01-05T18:11:45,STM32G0B1RE_btt,22abba0
87,firmware087.bin,a061f266-21d5-4777-85d8-0b3c0fa59ac7,2026-01-05T18:13:45,STM32G0B1RE_btt,22abba0
88,firmware088.bin,28a64b90-ac4e-45f0-8e94-f55e4e928176,2026-01-05T18:15:48,STM32G0B1RE_btt,22abba0
89,firmware089.bin,4c8f32e6-a19d-47b3-90d4-19bfd1ec0a40,2026-01-05T18:17:44,STM32G0B1RE_btt,22abba0
90,firmware090.bin,ecc77a18-00df-49cd-9480-a0a7dccfce47,2026-01-05T18:19:48,STM32G0B1RE_btt,22abba0
91,firmware091.bin,f60a6849-b6cf-4dd2-a6e5-9eefc804a794,2026-01-05T18:21:51,STM32G0B1RE_btt,22abba0
92,firmware092.bin,5a8e0248-ce70-47ba-b8ae-516ec2322530,2026-01-05T18:23:56,STM32G0B1RE_btt,22abba0
93,firmware093.bin,99f543a8-cba2-4780-8de0-e122bf110b1e,2026-01-05T18:26:06,STM32G0B1RE_btt,22abba0
94,firmware094.bin,3ede0216-4c5f-434a-8b57-1bf9603a5989,2026-01-05T18:28:12,STM32G0B1RE_btt,22abba0
95,firmware095.bin,dc05ca4f-213d-4f42-888f-d6b4f0e7425a,2026-01-05T18:30:24,STM32G0B1RE_btt,22abba0
96,firmware096.bin,a7a87a0c-9c3d-46d9-b2a2-b102130dbfd8,2026-01-05T18:32:40,STM32G0B1RE_btt,22abba0
97,firmware097.bin,47ea89c6-498c-49b0-a85e-4fc36397008b,2026-01-05T18:35:19,STM32G0B1RE_btt,22abba0
98,firmware098.bin,a96885fc-53b2-48c3-9c56-6019c9baee29,2026-01-05T18:37:43,STM32G0B1RE_btt,22abba0
99,firmware099.bin,6d7b4427-0a86-4459-bf04-b496accafa2f,2026-01-05T18:40:05,STM32G0B1RE_btt,22abba0
100,firmware100.bin,e4b68a78-8c55-4cb0-9fdb-4521e88db4e7,2026-01-05T18:42:51,STM32G0B1RE_btt,22abba0
101,firmware101.bin,3e0aa0de-4306-4740-a5f8-aa3b5dcb3211,2026-01-05T18:45:10,STM32G0B1RE_btt,22abba0
102,firmware102.bin,dc876427-338c-452b-9ca7-460ca663b5f5,2026-01-05T18:47:41,STM32G0B1RE_btt,22abba0
103,firmware103.bin,c7f00bb4-45ff-480b-a069-f033079d29ff,2026-01-05T18:50:02,STM32G0B1RE_btt,22abba0
104,firmware104.bin,1f43397b-9de2-4708-ad98-78b3a1bcdf03,2026-01-05T18:52:08,STM32G0B1RE_btt,22abba0
105,firmware105.bin,91f3561d-5c15-40e6-b306-ecd42e05f1a0,2026-01-05T18:54:18,STM32G0B1RE_btt,22abba0
106,firmware106.bin,61216f63-6843-4e4a-b113-9ad845468659,2026-01-05T18:56:45,STM32G0B1RE_btt,22abba0
107,firmware107.bin,c04e231f-83e7-413e-af73-7c24413b45c9,2026-01-05T18:59:10,STM32G0B1RE_btt,22abba0
108,firmware108.bin,9e6626d7-2d08-4e1b-9529-4747656983f7,2026-01-05T19:01:20,STM32G0B1RE_btt,22abba0
109,firmware109.bin,6ccac7cc-d3a3-4d08-96dd-22e0934810e3,2026-01-05T19:03:31,STM32G0B1RE_btt,22abba0
110,firmware110.bin,169d2a97-9a31-420d-be53-d4f26af33711,2026-01-05T19:05:38,STM32G0B1RE_btt,22abba0
111,firmware111.bin,e60f6967-82c0-421a-bebd-0dbca82aa296,2026-01-05T19:07:48,STM32G0B1RE_btt,22abba0
112,firmware112.bin,49a7dc54-6657-4d9c-98e8-09d4ddbe3fa3,2026-01-05T19:10:00,STM32G0B1RE_btt,22abba0
113,firmware113.bin,bab29463-089b-49a5-834e-c72afc1ede25,2026-01-05T19:12:09,STM32G0B1RE_btt,22abba0
114,firmware114.bin,3fbbd929-50d8-4211-970d-d17bea448b21,2026-01-05T19:14:19,STM32G0B1RE_btt,22abba0
115,firmware115.bin,0ee02802-76d0-4688-a451-60fbfebbc78d,2026-01-05T19:16:28,STM32G0B1RE_btt,22abba0
116,firmware116.bin,42b31293-649c-4385-8d63-26fe55061abf,2026-01-05T19:18:36,STM32G0B1RE_btt,22abba0
117,firmware117.bin,a1e8a71d-1510-4cca-aa7b-73c44caaa08e,2026-01-05T19:20:48,STM32G0B1RE_btt,22abba0
118,firmware118.bin,16be6103-0649-401a-9441-35e54437d3e6,2026-01-05T19:22:57,STM32G0B1RE_btt,22abba0
119,firmware119.bin,1a27b72a-5294-4117-a246-ba8815eb657f,2026-01-05T19:25:09,STM32G0B1RE_btt,22abba0
120,firmware120.bin,661af855-a525-4a4f-bd5d-4d33b0d28c99,2026-01-05T19:27:35,STM32G0B1RE_btt,22abba0
121,firmware121.bin,c75bbcf4-7ea8-4ca2-bdd0-bb863faec164,2026-01-05T19:29:51,STM32G0B1RE_btt,22abba0
122,firmware122.bin,9bbe324e-276f-4844-914f-35e94bc9faf5,2026-01-05T19:32:06,STM32G0B1RE_btt,22abba0
123,firmware123.bin,7cd76386-624d-499c-826b-2ed1fee1655b,2026-01-05T19:34:19,STM32G0B1RE_btt,22abba0
124,firmware124.bin,c779bcae-37b1-4ffc-a1b9-5d8e386acbd8,2026-01-05T19:36:37,STM32G0B1RE_btt,22abba0
125,firmware125.bin,1a4dd810-8cb8-49b3-98fd-c7ce63cdc061,2026-01-05T19:38:49,STM32G0B1RE_btt,22abba0
126,firmware126.bin,c0849ab0-5b63-43c5-ae52-c8df917e386a,2026-01-05T19:41:00,STM32G0B1RE_btt,22abba0
127,firmware127.bin,b4b3be0c-c30f-4529-8d22-dd02c6d8a21d,2026-01-05T19:43:03,STM32G0B1RE_btt,22abba0
128,firmware128.bin,91707f6c-d682-408f-b3c1-4cb2c7eaca31,2026-01-05T19:45:10,STM32G0B1RE_btt,22abba0
129,firmware129.bin,2b35abe7-b668-4e42-8cfb-5c084c2370ed,2026-01-05T19:47:16,STM32G0B1RE_btt,22abba0
130,firmware130.bin,df08df78-576f-4e0e-bb53-4fccc0135b33,2026-01-05T19:49:33,STM32G0B1RE_btt,22abba0
131,firmware131.bin,8a01ee3d-7246-4ac4-9736-390b555c0a91,2026-01-05T19:51:44,STM32G0B1RE_btt,22abba0
132,firmware132.bin,2dea43de-09c4-4237-a0ee-f671a5195c3f,2026-01-05T19:54:02,STM32G0B1RE_btt,22abba0
